<application>
  <component name="FileTypeManager" version="18">
    <extensionMap>
      <mapping pattern="unit-test.yaml" type="AUTO_DETECTED" />
      <mapping pattern=".dockerignore" type="PLAIN_TEXT" />
      <mapping pattern=".github_changelog_generator" type="PLAIN_TEXT" />
      <mapping ext="pem" type="PLAIN_TEXT" />
      <removed_mapping ext="md" approved="true" type="Go Template" />
      <removed_mapping pattern=".dockerignore" approved="true" type="DockerIgnore file" />
    </extensionMap>
  </component>
</application>