<application>
  <component name="FindSettings">
    <option name="customScope" value="All Places" />
    <option name="defaultScopeName" value="All Places" />
    <option name="showResultsInSeparateView" value="true" />
    <option name="SHOW_RESULTS_IN_SEPARATE_VIEW" value="true" />
    <option name="SEARCH_SCOPE" value="All Places" />
    <mask>*.css</mask>
    <mask>*.html</mask>
    <mask>*.xml</mask>
    <mask>*.go2</mask>
    <mask>*.md</mask>
    <mask>*.yaml</mask>
    <mask>*_test.go</mask>
    <mask>*.go</mask>
  </component>
</application>