<keymap version="1" name="Windows copy" parent="$default">
  <action id="EditorDecreaseFontSize">
    <mouse-shortcut keystroke="control button142" />
  </action>
  <action id="EditorIncreaseFontSize">
    <mouse-shortcut keystroke="control button143" />
  </action>
  <action id="EditorResetFontSize">
    <keyboard-shortcut first-keystroke="ctrl numpad0" />
  </action>
  <action id="Run">
    <keyboard-shortcut first-keystroke="shift f10" />
    <mouse-shortcut keystroke="shift button2" />
  </action>
</keymap>