<code_scheme name="Default" version="173">
  <SqlCodeStyleSettings version="6">
    <option name="QUERY_SECTION_1ST_WORD_ALIGN" value="2" />
  </SqlCodeStyleSettings>
  <codeStyleSettings language="Markdown">
    <option name="RIGHT_MARGIN" value="120" />
    <option name="WRAP_ON_TYPING" value="0" />
  </codeStyleSettings>
  <codeStyleSettings language="SQL">
    <indentOptions>
      <option name="CONTINUATION_INDENT_SIZE" value="4" />
    </indentOptions>
  </codeStyleSettings>
</code_scheme>