<keymap version="1" name="macOS copy" parent="Mac OS X 10.5+">
  <action id="ActivateCommitToolWindow" />
  <action id="ActivateTerminalToolWindow">
    <keyboard-shortcut first-keystroke="alt f12" />
    <keyboard-shortcut first-keystroke="meta back_quote" />
  </action>
  <action id="CodeCompletion">
    <keyboard-shortcut first-keystroke="ctrl space" />
    <keyboard-shortcut first-keystroke="meta i" />
  </action>
  <action id="DatabaseView.PropertiesAction" />
  <action id="EditorDecreaseFontSize">
    <keyboard-shortcut first-keystroke="meta minus" />
  </action>
  <action id="EditorIncreaseFontSize">
    <keyboard-shortcut first-keystroke="meta equals" />
  </action>
  <action id="EditorResetFontSize">
    <keyboard-shortcut first-keystroke="meta 0" />
  </action>
  <action id="FileChooser.TogglePathShowing" />
  <action id="NextWindow" />
  <action id="OpenFile">
    <keyboard-shortcut first-keystroke="meta p" />
  </action>
  <action id="ParameterInfo" />
  <action id="org.intellij.plugins.markdown.ui.actions.styling.ToggleItalicAction" />
</keymap>